{"graph_0": {"_type": "graph-file", "path": "media/graph/graph_0_summary_de963936012ba64e007c.graph.json", "sha256": "de963936012ba64e007c874f376fa60afb68f4a2ef5621f369a626ebfff8d954", "size": 266}, "train_loss_step": -84485.3984375, "epoch": 19, "trainer/global_step": 1440, "_runtime": 60, "_timestamp": 1625191540, "_step": 49, "train_loss_epoch": -88154.046875, "gradients/l1.bias": {"_type": "histogram", "values": [1.0, 0.0, 0.0, 0.0, 0.0, 0.0, 0.0, 0.0, 0.0, 0.0, 0.0, 0.0, 0.0, 0.0, 0.0, 0.0, 0.0, 0.0, 0.0, 0.0, 0.0, 0.0, 0.0, 0.0, 0.0, 0.0, 0.0, 0.0, 0.0, 0.0, 0.0, 0.0, 0.0, 0.0, 0.0, 0.0, 0.0, 0.0, 0.0, 0.0, 0.0, 0.0, 0.0, 0.0, 0.0, 0.0, 0.0, 0.0, 0.0, 0.0, 0.0, 0.0, 0.0, 0.0, 1.0, 0.0, 0.0, 0.0, 0.0, 0.0, 0.0, 0.0, 0.0, 2.0], "bins": [-0.875, -0.861328125, -0.84765625, -0.833984375, -0.8203125, -0.806640625, -0.79296875, -0.779296875, -0.765625, -0.751953125, -0.73828125, -0.724609375, -0.7109375, -0.697265625, -0.68359375, -0.669921875, -0.65625, -0.642578125, -0.62890625, -0.615234375, -0.6015625, -0.587890625, -0.57421875, -0.560546875, -0.546875, -0.533203125, -0.51953125, -0.505859375, -0.4921875, -0.478515625, -0.46484375, -0.451171875, -0.4375, -0.423828125, -0.41015625, -0.396484375, -0.3828125, -0.369140625, -0.35546875, -0.341796875, -0.328125, -0.314453125, -0.30078125, -0.287109375, -0.2734375, -0.259765625, -0.24609375, -0.232421875, -0.21875, -0.205078125, -0.19140625, -0.177734375, -0.1640625, -0.150390625, -0.13671875, -0.123046875, -0.109375, -0.095703125, -0.08203125, -0.068359375, -0.0546875, -0.041015625, -0.02734375, -0.013671875, 0.0]}, "gradients/l1.weight": {"_type": "histogram", "values": [8.0, 22.0, 63.0, 77.0, 119.0, 309.0, 403.0, 412.0, 565.0, 807.0, 1062.0, 1370.0, 2232.0, 2716.0, 3392.0, 4335.0, 5522.0, 6013.0, 6244.0, 6619.0, 6622.0, 6265.0, 6466.0, 6543.0, 5940.0, 6164.0, 6038.0, 6195.0, 6746.0, 6322.0, 5811.0, 5633.0, 5719.0, 5451.0, 5573.0, 5360.0, 4912.0, 3981.0, 4062.0, 4678.0, 5053.0, 4567.0, 4147.0, 3934.0, 3615.0, 3574.0, 3243.0, 2629.0, 2200.0, 11363.0, 9068.0, 7066.0, 5474.0, 6975.0, 15749.0, 26766.0, 44077.0, 41097.0, 19543.0, 401129.0, 4158.0, 3223.0, 893.0, 118.0], "bins": [-2.1183838844299316, -2.0829038619995117, -2.047423839569092, -2.011943817138672, -1.9764639139175415, -1.9409840106964111, -1.9055039882659912, -1.8700239658355713, -1.834544062614441, -1.799064040184021, -1.7635841369628906, -1.7281041145324707, -1.6926240921020508, -1.6571441888809204, -1.6216641664505005, -1.5861841440200806, -1.5507042407989502, -1.5152242183685303, -1.4797443151474, -1.44426429271698, -1.40878427028656, -1.3733043670654297, -1.3378243446350098, -1.3023443222045898, -1.26686429977417, -1.23138427734375, -1.1959043741226196, -1.1604243516921997, -1.1249443292617798, -1.0894644260406494, -1.0539844036102295, -1.0185043811798096, -0.9830245971679688, -0.9475446343421936, -0.9120646119117737, -0.8765846490859985, -0.8411046862602234, -0.8056247234344482, -0.7701447010040283, -0.7346647381782532, -0.699184775352478, -0.6637048125267029, -0.628224790096283, -0.5927448272705078, -0.5572648644447327, -0.5217849016189575, -0.4863048791885376, -0.45082491636276245, -0.41534486413002014, -0.3798648715019226, -0.34438490867614746, -0.3089049160480499, -0.2734249234199524, -0.23794496059417725, -0.2024649679660797, -0.16698499023914337, -0.13150501251220703, -0.09602503478527069, -0.060545049607753754, -0.025065064430236816, 0.010414913296699524, 0.045894891023635864, 0.0813748836517334, 0.11685486137866974, 0.15233483910560608]}, "validation_loss": -80242.2890625, "test_loss": -98819.4453125}